Nama Toko,Nama Produk,Harga
findmeanewhome,All for 150k !,"Rp 150,000"
chyntiaangelinaa,Estee Lauder Advanced Night Repair Serum 20ml,"Rp 460,000"
prelovedbycaths,Too Faced Natural Face Palette,"Rp 290,000Rp 300,000"
prelovedbyzkr,Maybelline Highlighter,"Rp 100,000"
ayobeliota,new the body shop moringa body mist,"Rp 80,000"
novindaaprsst,cleansing balm dear me beauty,"Rp 87,000"
eternalazizah,Charis M+ Madecassoside Cream 30ml,"Rp 235,000"
preloved_kesukaan,Peket Raiku Night Cream (40gr) & Serum (30ml) Anti Aging,"Rp 95,000"
dewiipreloved_,Raiku ls cream ( light and sheer cream ),"Rp 90,000"
pre_new_stuffs,BRUSH contour / blush / bedak,"Rp 35,000"
zahrah.a,FreeOng Jarte Cica Care Cream,"Rp 75,000"
prelovedbyracheladelia,ESQA FREEZE BROW MASCARA ASHBROWN,"Rp 50,000"
ekepatricia,Real Techniques core Brush Set,"Rp 99,000"
goodstuffbyloisa,Kanebo Smoothing Serum,"Rp 650,000"
yofiee,Ortho ease young living 236 ml,"Rp 450,000"
yofiee,Young living oil,"Rp 150,000"
fantasydreamland,Catokan Curly baby liss original,"Rp 70,000"
ageyaaah,Sugar Wax,"Rp 70,000"
jeanettfelicia,Nars soft matte complete concealer,"Rp 140,000Rp 150,000"
ayundaonlinestore,pouch,"Rp 20,000"
prelovedanakmanis,Laneige clear c advance,"Rp 300,000"
preloved_91220,LA MER THE CLEANSING MICELLAR WATER,"Rp 950,000"
